{
  "acc": 0.7373036969275701,
  "K_0.8": 802.6917859834213,
  "intervention": {
    "10": {
      "orig": 0.7373036969275701,
      "drop": 0.4882693759032658
    },
    "25": {
      "orig": 0.7373036969275701,
      "drop": 0.7159321164446217
    },
    "50": {
      "orig": 0.7373036969275701,
      "drop": 0.7373036969275701
    }
  },
  "n_segments": 80,
  "fg_ratio": 0.3,
  "stage2_start": 10
}