{
  "acc": 0.8292525773195877,
  "K_0.8": 801.8027321515693,
  "intervention": {
    "10": {
      "orig": 0.8292525773195877,
      "drop": 0.32374355657813475
    },
    "25": {
      "orig": 0.8292525773195877,
      "drop": 0.7069909793814433
    },
    "50": {
      "orig": 0.8292525773195877,
      "drop": 0.8282860824742269
    }
  },
  "n_segments": 80,
  "fg_ratio": 0.5,
  "stage2_start": 10
}